Production_Target,Orders,Machines,Available_Workers,Average_Skill,Overtime,Actual_Workers
628,11,4,22,2.4,3,10
1516,26,10,15,2.3,4,15
1549,26,11,32,3.3,3,21
413,5,2,28,3.0,2,8
1089,19,7,26,4.5,1,14
1340,20,10,27,2.2,3,20
1140,17,8,16,4.0,3,12
876,12,6,29,3.9,1,13
829,12,6,35,2.2,1,12
901,15,6,35,4.1,2,13
514,8,2,25,3.2,3,8
1561,21,10,35,3.5,5,19
692,11,4,32,3.6,1,9
1595,25,10,19,3.5,4,19
624,10,3,28,3.8,0,10
1358,20,10,15,4.0,5,15
946,13,6,24,3.3,0,15
939,12,7,31,4.7,3,11
1439,21,9,20,3.6,4,18
401,5,3,18,4.8,2,4
1029,17,6,33,4.8,4,13
541,7,4,19,2.4,0,9
942,14,6,21,4.8,2,11
1038,16,7,26,3.3,2,14
860,15,5,32,2.7,2,13
520,8,4,25,2.2,1,9
838,12,6,33,3.7,2,13
1233,20,7,28,3.1,1,19
510,7,4,18,2.2,1,6
623,10,4,29,2.4,2,10
554,8,4,32,2.3,0,8
430,5,4,22,2.5,0,7
1221,16,7,15,5.0,3,15
1331,21,9,32,4.0,3,17
845,11,6,32,2.2,2,13
1376,21,10,20,2.2,1,20
540,8,4,22,3.2,2,7
1585,23,11,28,4.0,3,20
934,15,7,22,2.8,3,14
1336,21,9,17,2.0,2,17
604,10,3,23,2.4,1,10
900,14,5,32,4.1,0,11
1483,26,11,24,4.8,6,18
941,16,5,32,2.5,2,15
1102,18,8,23,3.5,3,17
504,8,3,23,2.1,1,8
936,16,6,28,3.7,4,14
705,10,5,33,3.7,1,10
1146,15,8,16,4.7,3,15
610,9,4,28,4.9,1,6
884,12,7,20,4.6,4,11
1080,15,7,22,2.8,3,15
479,6,3,29,3.0,2,5
856,15,5,25,2.8,4,13
1119,16,7,32,3.0,5,15
934,15,7,23,2.1,1,14
1042,16,8,18,3.2,2,14
1293,23,9,32,4.1,5,16
803,12,4,25,3.9,1,11
1015,15,7,25,3.2,2,15
1261,18,8,20,3.8,3,18
400,6,2,33,3.8,0,7
837,12,6,20,4.0,2,13
1086,19,8,22,4.0,3,15
450,8,4,34,4.5,2,6
1578,26,11,30,3.2,5,22
618,8,4,31,3.4,0,9
648,10,5,31,5.0,0,8
1306,19,9,31,3.3,4,17
725,10,5,23,4.3,2,9
1467,22,9,29,2.2,3,22
1054,14,6,19,2.7,2,14
531,8,3,29,3.2,1,9
1596,21,10,33,3.1,5,21
1198,16,9,28,3.6,3,14
851,13,5,30,2.1,1,14
1228,17,9,19,4.9,0,16
1555,22,10,28,2.4,4,22
1176,19,8,25,4.3,1,17
1263,21,8,15,4.2,6,15
859,12,6,35,2.1,3,13
441,6,2,30,4.0,0,6
924,13,5,34,4.9,2,10
735,9,4,15,4.8,0,9
1168,18,8,17,3.8,3,15
1017,14,7,18,4.4,2,13
1491,23,10,31,3.9,5,19
1403,24,10,35,4.7,3,18
760,10,6,23,3.8,3,9
1352,21,9,23,3.0,3,21
971,13,6,29,3.7,2,13
1412,19,9,21,3.1,3,20
965,14,6,21,2.3,2,13
892,12,6,30,3.3,3,12
1228,17,8,33,3.1,2,17
1527,24,11,23,2.9,4,22
1046,18,7,20,2.6,2,14
1474,22,11,21,2.9,3,21
1493,25,9,16,3.7,4,16
1405,24,8,24,3.4,3,19
505,8,4,18,4.5,1,7
509,8,4,24,2.3,1,9
1252,18,9,22,4.3,1,18
1008,13,8,24,3.7,5,14
603,8,3,21,2.8,2,9
1530,27,9,29,4.1,4,20
990,14,7,29,2.2,2,15
805,12,5,35,2.4,2,13
522,8,3,33,4.8,0,8
1022,14,8,31,3.6,1,15
1284,18,9,15,2.3,5,15
1578,23,10,23,3.7,4,20
1462,21,11,20,5.0,2,19
586,9,4,25,4.0,2,7
1414,23,10,32,2.1,4,20
637,8,4,31,4.5,4,8
1346,21,8,26,3.9,2,18
505,8,3,24,3.3,1,7
890,12,6,15,3.7,5,13
632,9,3,19,3.5,1,8
959,15,6,30,2.7,1,14
1440,20,9,17,2.8,4,17
1439,23,9,24,4.5,2,18
704,11,5,25,3.7,0,10
1059,14,8,22,3.7,3,16
489,7,3,27,3.2,0,6
711,10,4,31,4.9,1,10
1301,22,9,15,4.2,2,15
716,12,5,23,3.0,1,9
1072,14,8,27,4.9,1,12
1399,19,8,17,2.7,3,17
865,12,6,18,4.3,2,11
740,10,6,16,3.0,3,11
1282,22,9,33,4.0,3,17
1183,17,7,33,2.4,2,18
922,13,7,29,4.7,2,11
1304,17,10,24,3.9,2,17
1018,17,7,30,2.3,2,16
1005,13,6,27,2.8,1,14
500,6,4,24,4.3,1,9
848,12,6,19,3.9,3,10
1032,14,6,26,4.2,3,14
1250,21,8,32,4.6,2,17
958,13,6,30,4.9,2,14
635,9,3,22,4.6,1,6
1541,24,11,15,2.8,5,15
936,14,7,26,2.3,2,14
1549,25,11,35,2.2,5,19
1018,14,6,16,4.8,2,14
599,10,4,27,3.4,0,8
1506,23,11,19,4.7,3,17
1235,16,8,26,2.7,2,18
1142,20,8,32,4.7,3,14
965,16,6,29,2.3,3,15
443,7,3,19,4.4,1,8
1535,25,10,22,3.0,5,22
405,6,4,19,3.6,1,5
452,7,3,22,3.8,2,6
659,9,4,17,3.4,2,8
623,9,4,34,2.1,2,7
1467,24,10,15,2.2,2,15
621,9,5,17,4.7,1,9
658,10,5,32,4.1,0,10
1003,15,7,18,4.4,4,14
1529,22,10,29,4.7,2,20
1216,19,7,28,2.9,3,20
1371,24,10,17,3.3,3,17
666,10,5,32,3.7,1,9
1266,17,9,24,3.8,2,18
835,14,6,18,3.1,1,12
970,14,7,32,4.9,3,11
1540,27,11,23,2.1,4,23
1095,17,7,19,3.7,2,15
462,8,3,27,3.3,0,8
1064,15,7,17,4.7,4,15
501,7,3,28,3.5,0,8
1449,25,10,24,4.0,2,18
1031,18,7,34,2.2,3,17
681,9,4,18,2.0,1,10
1178,17,7,32,4.5,3,15
486,7,3,17,4.6,0,6
1255,20,8,25,2.5,4,17
1141,20,8,22,3.3,2,16
1035,14,6,20,2.2,1,15
797,10,5,35,4.4,2,11
804,13,5,35,2.2,3,11
1350,19,10,29,4.0,5,16
1061,14,7,19,3.3,1,15
962,14,6,17,2.9,2,14
987,17,7,17,3.8,1,14
1535,20,11,16,3.3,5,16
1058,15,7,16,3.4,3,13
572,8,3,22,4.1,3,7
725,11,6,27,3.2,1,12
1085,19,6,27,2.9,2,14
707,11,5,19,4.8,1,11
1202,20,8,17,2.9,1,17
661,9,5,31,2.3,1,9
437,7,2,21,3.0,1,6
681,11,4,18,3.5,0,10
1478,26,10,34,2.4,3,21
739,10,4,26,4.0,2,11
983,14,7,22,3.6,2,15
1360,18,8,33,5.0,2,18
1182,18,8,20,4.5,3,15
912,16,6,26,3.7,4,13
655,10,5,23,3.3,0,10
587,7,3,29,4.7,2,7
1211,18,8,17,3.1,6,16
1086,15,7,24,4.8,0,15
1360,21,8,17,2.1,4,17
1480,23,10,22,2.9,5,20
1336,23,10,30,3.8,5,17
895,12,6,15,3.8,2,13
575,8,4,31,3.6,1,7
441,7,3,35,3.2,0,8
1131,15,7,35,2.3,1,16
673,12,5,35,2.5,2,9
1380,20,10,17,4.1,4,17
812,14,5,16,2.9,1,13
1512,23,9,35,2.6,3,23
1079,17,8,28,4.7,2,12
1191,19,7,30,3.1,3,16
569,8,3,34,5.0,2,8
610,10,4,24,3.3,1,8
1309,21,8,26,3.8,2,18
517,9,4,26,3.5,1,7
463,8,3,29,2.1,3,7
1150,18,9,16,3.8,2,13
1161,18,7,19,3.6,1,17
911,12,5,20,3.5,1,14
936,13,7,21,5.0,2,14
1405,23,9,17,3.4,5,17
579,8,5,25,4.0,1,7
994,13,7,35,2.5,2,15
811,11,5,30,2.1,1,12
1529,26,11,17,2.9,6,17
1476,23,10,33,2.2,5,20
1321,20,9,19,4.6,4,15
772,10,4,31,4.7,2,10
713,11,4,22,3.0,4,9
561,9,4,32,2.8,0,8
591,9,3,33,2.5,0,8
1091,15,7,15,2.2,5,15
942,13,7,28,3.9,5,12
1517,24,11,30,2.7,4,19
1328,23,8,29,3.2,2,19
694,11,5,26,4.9,2,10
1550,27,10,18,2.8,4,18
994,13,7,28,2.7,3,14
1070,14,8,21,4.3,1,14
1421,19,9,17,4.8,0,17
840,12,5,24,3.5,3,11
1363,22,8,18,3.3,5,17
1225,19,8,33,3.7,2,17
1191,18,8,23,4.5,2,15
663,8,4,25,3.7,1,10
1442,22,9,16,2.4,3,16
1335,23,10,19,3.0,3,18
1012,15,7,31,3.6,2,13
434,6,3,28,3.8,1,5
454,6,3,35,4.3,1,5
505,7,3,35,4.2,1,6
896,16,7,18,2.6,1,14
1245,18,8,34,4.8,4,14
527,7,4,32,3.0,0,7
1042,14,7,32,3.0,1,16
941,14,6,22,2.8,1,16
1009,14,7,30,3.0,1,17
960,15,7,32,3.1,4,13
699,11,4,17,3.0,1,11
1381,23,10,23,4.8,3,17
890,14,6,31,2.7,2,13
1076,15,6,19,2.0,0,16
1233,18,9,30,3.4,4,19
1057,17,6,17,4.0,3,16
476,6,3,20,4.8,3,6
1414,24,10,24,4.6,5,17
619,8,4,29,5.0,0,8
674,9,4,21,4.4,0,11
926,13,5,25,4.4,0,12
759,11,5,27,4.5,1,10
595,10,3,25,4.8,2,8
1314,18,10,24,3.7,2,17
1136,16,7,18,3.4,4,17
1036,15,7,24,3.1,3,17
1379,23,10,34,3.1,3,17
1500,21,11,22,4.0,2,18
1476,23,10,17,4.8,5,17
1435,24,10,20,3.0,3,19
820,11,5,31,3.3,2,12
1250,19,7,29,4.0,3,17
921,12,7,33,2.2,0,15
1508,20,11,17,5.0,3,17
768,10,6,35,4.9,0,12
1318,18,10,27,2.2,6,17
672,9,4,20,5.0,1,9
856,11,6,24,3.4,2,11
1176,16,7,26,2.5,4,19
631,11,5,34,4.3,1,9
822,14,6,29,3.8,2,11
490,7,3,21,4.3,1,6
992,16,7,33,3.0,1,14
1056,17,8,31,2.7,2,15
758,11,5,30,2.1,1,13
1180,16,8,28,3.2,3,17
1501,23,11,24,4.6,5,19
518,7,4,32,3.6,0,8
1076,15,8,26,2.3,2,15
949,15,7,16,4.6,3,14
1544,26,10,25,2.9,5,20
789,10,4,30,4.7,1,9
1212,16,8,24,3.1,2,17
935,15,7,29,2.3,4,13
1055,14,7,28,2.1,4,14
433,7,4,33,4.2,1,7
871,13,6,30,3.7,3,11
1400,18,10,30,3.4,3,18
686,9,5,32,5.0,3,8
552,7,4,15,3.2,2,7
709,12,5,26,2.2,0,9
1389,20,8,32,3.7,5,18
962,14,6,31,4.4,1,12
767,13,4,19,2.7,1,11
1125,18,7,26,4.9,2,15
862,14,6,17,4.0,3,10
591,9,4,30,2.2,2,9
1423,19,10,25,3.7,4,18
1481,20,9,33,3.4,4,20
974,13,7,16,2.5,2,14
824,12,6,27,4.8,1,12
1560,21,10,32,3.0,4,20
560,8,5,16,2.3,1,9
1212,16,8,35,2.8,4,17
1128,17,7,20,4.0,2,15
1004,14,7,17,2.8,1,16
715,10,4,18,2.3,3,10
952,16,6,28,3.3,1,13
453,7,3,34,3.8,0,8
997,15,7,32,4.7,4,12
747,10,4,23,2.9,1,11
1290,21,8,17,3.1,5,17
1415,21,9,18,2.4,5,18
1178,16,8,25,3.3,4,14
678,11,5,21,3.4,2,10
1053,17,7,30,4.9,3,12
974,13,6,18,4.8,4,15
768,11,5,29,4.8,2,12
541,7,4,28,4.0,2,8
917,13,7,27,2.2,3,13
1220,18,9,28,3.6,3,15
1499,22,11,18,4.3,3,18
490,7,4,35,3.2,1,5
1281,22,8,22,3.5,2,18
1578,26,10,29,4.3,3,20
1106,14,7,24,3.2,3,15
690,11,4,21,3.6,1,10
1326,21,8,18,2.1,3,18
736,10,5,31,2.5,2,12
1346,22,9,20,2.6,3,18
804,12,5,15,4.1,2,13
528,7,4,32,2.6,0,9
937,13,6,35,2.9,1,14
633,10,5,34,2.5,0,8
573,8,3,22,2.9,2,10
1446,23,10,33,3.2,4,20
754,11,5,19,2.6,3,10
1135,15,8,21,4.4,4,14
1413,22,9,29,3.5,4,19
851,13,5,32,2.9,2,11
1414,21,9,18,2.8,0,18
1510,21,9,29,3.6,4,20
906,14,7,29,2.8,2,13
640,9,4,33,4.1,2,8
1276,21,8,21,4.4,4,15
1490,24,10,25,4.9,3,20
1453,19,10,18,2.4,4,18
521,6,4,19,4.1,1,8
1059,14,8,27,3.5,2,14
1248,19,7,17,3.2,3,16
1155,18,8,33,2.0,3,15
1338,19,9,17,4.4,1,17
833,12,5,24,3.0,1,12
1393,19,10,16,2.1,2,16
433,7,4,29,3.4,2,6
670,9,4,23,2.3,1,11
738,13,5,22,3.3,2,11
837,12,5,22,3.6,2,12
1103,15,8,28,4.1,2,15
582,8,3,25,3.1,1,10
672,9,5,17,3.6,3,9
1301,20,8,19,4.8,2,16
844,14,5,18,3.8,0,14
1044,14,6,35,2.3,1,15
983,13,7,24,2.6,2,14
1202,19,7,22,3.5,4,17
545,8,5,26,4.8,3,8
1564,24,11,20,4.3,6,18
434,6,2,21,2.1,3,7
1437,23,10,28,3.3,2,20
1501,22,10,24,2.2,7,19
718,10,5,35,4.3,1,9
1035,15,7,22,2.2,4,15
1328,19,8,20,2.4,3,18
735,11,5,31,4.3,1,10
659,9,5,18,4.3,4,9
957,14,6,33,3.9,1,13
513,7,4,26,2.5,1,6
636,10,4,16,4.6,2,8
1145,18,7,16,3.7,4,14
1258,21,8,25,2.8,4,18
1428,20,9,22,4.4,7,17
541,7,4,24,3.0,1,8
810,13,6,34,2.7,0,14
800,11,5,22,2.5,2,12
1509,24,11,15,4.9,6,15
1029,18,7,22,3.3,6,13
691,9,4,22,4.7,0,10
1162,18,8,33,2.3,4,18
553,8,3,19,2.7,1,9
1204,17,8,25,3.4,3,19
678,9,5,19,2.3,0,11
647,9,5,21,3.4,0,10
585,10,4,34,2.1,2,8
586,8,5,27,3.5,1,8
756,13,5,29,3.7,1,11
608,8,3,15,2.2,1,9
805,11,5,35,4.8,3,11
553,9,3,35,3.3,3,9
1079,18,8,16,2.5,1,15
1208,18,8,28,2.5,3,18
973,15,6,34,3.9,2,14
1243,17,8,17,2.8,4,17
1476,24,11,32,4.4,6,17
1135,17,8,26,4.7,2,15
768,13,5,15,4.7,2,10
1366,20,10,22,4.9,5,17
945,14,7,16,4.3,4,11
1195,19,9,20,2.5,1,16
1134,15,7,26,4.8,1,15
785,10,6,30,3.6,2,11
515,8,3,31,3.4,0,9
667,10,4,25,2.2,3,11
690,9,5,26,4.9,0,11
1210,18,8,25,2.4,5,19
1397,20,9,32,4.1,5,17
857,12,6,27,2.9,2,12
403,5,4,27,4.6,1,4
772,11,6,34,2.7,0,11
688,11,4,26,4.9,3,11
581,8,4,25,3.3,1,9
538,8,4,15,2.1,0,9
740,10,5,27,3.1,0,13
1583,23,11,20,3.4,4,20
441,7,4,17,3.0,1,6
553,8,4,17,3.0,4,7
463,7,3,34,4.7,1,7
820,11,5,32,4.2,2,10
976,16,6,27,3.7,3,13
1138,20,7,35,3.8,3,16
749,11,6,30,4.5,1,11
1401,19,9,35,3.6,4,20
1156,19,7,29,3.4,3,17
526,9,4,18,2.3,0,9
865,13,6,31,3.3,0,12
1372,20,9,24,2.2,5,18
1428,21,10,33,4.0,3,18
1319,22,10,21,4.4,4,17
1291,21,9,19,4.5,3,19
537,9,4,32,3.0,1,9
425,6,3,31,4.3,1,6
1560,23,11,18,4.8,3,18
985,13,7,28,2.8,1,13
1368,24,9,19,3.9,3,17
1210,16,8,22,2.1,2,18
1162,20,8,24,2.9,4,14
601,8,3,24,4.9,0,9
951,13,7,17,2.6,3,15
1392,19,10,16,3.5,4,16
1437,22,10,31,4.6,4,18
811,11,5,29,2.2,1,13
1154,16,8,35,4.8,2,14
1401,20,9,30,3.8,3,19
929,13,7,24,2.1,4,14
838,11,6,21,2.8,2,12
418,6,2,20,3.8,2,6
1025,14,7,23,3.3,2,15
916,15,6,31,4.5,2,12
1447,19,11,26,3.7,3,18
621,9,4,23,3.9,2,8
1011,17,7,22,4.7,3,11
1227,17,9,15,4.0,4,15
1257,19,9,33,4.1,2,16
855,12,6,30,4.7,1,10
748,10,6,20,2.9,0,12
1544,21,10,25,4.0,4,20
1028,16,8,26,2.8,2,16
1363,24,9,33,4.8,6,17
1424,24,10,31,2.9,6,19
681,9,4,33,4.7,2,9
769,10,5,35,5.0,2,10
1325,21,9,20,3.7,4,19
580,10,4,28,3.2,2,8
477,7,4,15,4.7,1,5
436,6,3,22,2.7,1,6
610,9,4,20,2.2,4,9
1333,19,9,25,3.3,3,18
1403,22,9,27,2.1,4,23
832,11,6,20,2.4,1,11
1168,16,7,32,3.9,3,15
621,9,3,18,3.3,0,10
1371,19,9,35,2.0,3,20
1465,24,10,19,3.3,5,18
641,10,5,30,2.6,2,10
1471,19,10,28,2.9,5,20
825,11,5,22,2.0,1,11
1575,23,10,17,4.3,6,17
924,13,6,24,2.8,4,13
480,6,3,25,3.3,3,8
493,8,3,35,2.5,0,9
949,13,6,25,2.5,0,16
956,13,7,30,4.4,1,11
631,10,5,20,2.3,2,9
1565,22,10,27,4.3,2,19
667,10,4,28,3.3,3,10
425,6,3,33,4.2,1,8
1092,16,8,34,2.3,2,15
1108,16,8,19,4.5,0,14
511,9,4,31,4.5,2,5
553,7,3,25,4.9,2,7
1175,18,7,29,3.3,2,16
1420,22,9,30,4.2,5,18
473,7,2,17,4.4,3,6
1441,21,10,29,4.9,3,18
856,11,5,34,3.8,2,11
1326,23,9,22,2.0,2,21
997,15,6,18,2.1,3,15
1238,21,8,21,2.4,4,17
790,11,4,28,2.1,1,11
652,9,4,33,4.9,2,9
1486,21,10,28,4.5,2,19
762,11,4,19,2.3,1,11
1059,16,7,34,4.7,3,13
1102,14,7,19,2.4,1,15
1449,23,10,25,4.1,5,17
811,13,6,26,4.8,3,11
764,11,5,25,4.1,2,9
1593,23,11,28,4.0,5,19
1265,17,8,15,3.1,4,15
946,13,6,24,4.1,2,13
1004,16,7,26,4.4,4,14
1550,21,11,32,3.2,2,21
989,14,6,27,3.2,5,12
1040,13,6,23,2.6,4,13
1307,18,10,35,3.1,2,17
802,11,6,24,3.3,2,11
755,10,4,16,3.3,1,11
1596,22,10,29,4.1,4,21
1060,15,8,35,3.8,2,13
1572,23,10,25,3.6,5,20
1434,24,10,27,2.3,4,21
1079,17,7,34,3.6,5,14
418,7,2,22,4.7,0,5
481,7,3,18,3.2,0,7
1458,20,9,31,3.3,6,19
794,12,4,18,2.5,3,11
415,6,2,35,4.3,2,5
612,10,5,28,3.9,3,7
714,12,5,16,2.3,4,11
1542,27,11,23,3.2,3,21
1047,18,7,32,2.0,2,15
1599,28,11,26,4.8,6,20
1017,15,6,29,3.1,3,14
720,10,4,27,4.4,2,9
695,11,5,35,3.1,3,9
1536,26,9,33,3.8,1,20
1024,17,7,26,2.6,4,13
691,11,4,23,2.6,2,12
511,7,4,32,3.4,0,7
537,8,3,33,3.5,1,8
880,15,6,21,3.0,0,14
1026,14,6,33,3.1,2,16
409,6,3,35,3.3,1,6
1079,14,7,26,4.3,2,14
567,7,4,19,4.7,2,9
556,7,4,31,3.9,2,6
835,11,6,32,4.7,0,11
704,11,4,33,4.2,1,11
1445,25,9,15,4.0,5,15
739,10,4,20,2.5,3,10
699,10,5,26,2.1,2,10
941,15,5,21,3.6,2,12
1331,18,8,35,3.0,3,17
960,13,6,32,3.7,1,14
559,8,3,22,3.5,0,10
1397,19,10,15,3.5,4,15
557,8,3,19,2.6,0,10
642,9,4,25,4.2,0,9
831,12,6,28,2.1,3,12
729,12,5,33,2.4,3,12
1458,19,10,33,3.9,5,17
980,13,6,34,5.0,3,12
1241,18,9,20,3.9,2,16
1101,14,8,17,2.7,2,16
814,12,6,28,4.5,1,11
479,6,3,18,2.3,0,6
1504,21,11,35,3.3,2,21
1485,23,11,30,4.4,3,19
1579,27,10,30,4.3,4,20
1513,23,9,15,3.7,4,15
820,11,5,26,2.3,0,13
935,12,6,26,3.8,3,13
817,12,6,30,2.5,1,12
1028,15,7,27,4.2,4,12
870,13,6,20,2.3,0,13
1527,22,11,16,2.5,4,16
586,8,4,34,3.3,2,9
563,8,4,27,3.8,0,8
517,6,4,35,3.5,3,7
1461,24,9,34,3.5,3,18
473,7,3,20,2.3,1,8
1209,19,7,15,4.2,3,15
982,14,7,33,3.0,3,13
798,12,5,15,2.8,1,12
548,8,3,18,4.4,3,7
1577,26,10,27,3.7,4,19
1339,19,10,15,3.4,3,15
851,12,5,25,3.2,1,13
939,15,5,25,2.2,3,13
1124,18,8,20,4.8,2,12
1421,20,9,22,4.6,4,18
911,12,6,18,2.4,5,14
1408,20,10,32,4.9,4,16
1045,16,8,33,4.6,0,14
1446,23,9,33,2.4,2,21
1507,27,10,20,3.4,5,20
1046,15,6,21,3.1,3,15
931,15,6,23,3.4,1,13
1421,22,9,26,3.1,2,20
1570,27,11,22,4.4,4,18
1537,24,10,19,4.4,4,18
419,7,3,35,3.6,0,5
1014,16,7,16,3.2,2,14
920,14,6,29,4.2,2,13
1541,20,10,15,3.2,3,15
807,12,6,32,2.5,2,11
1445,22,10,17,3.1,3,17
696,9,5,25,3.3,1,9
546,9,3,25,3.0,1,9
1209,20,8,26,4.2,2,16
742,12,4,22,4.0,3,9
563,9,4,18,2.2,2,8
453,6,3,17,2.3,0,7
1198,19,7,24,3.3,4,17
749,13,5,25,4.6,0,11
957,14,6,32,2.5,1,14
1555,24,11,32,2.9,3,22
583,9,4,23,2.5,3,8
679,10,4,15,4.1,0,10
1013,18,7,24,3.8,3,12
786,12,5,27,2.7,1,10
1174,19,7,35,2.7,3,15
956,15,7,23,3.2,3,13
993,17,7,29,2.8,2,14
439,7,4,15,2.6,2,7
1297,18,8,19,2.0,3,19
1420,18,9,16,3.0,5,16
514,8,3,32,3.4,2,9
1181,16,7,22,3.2,4,16
468,7,4,18,3.6,2,6
1039,14,6,16,4.2,2,14
1385,20,9,16,4.6,4,16
1289,20,8,23,3.8,2,18
486,7,4,34,2.5,1,7
1423,25,10,35,2.2,3,21
1498,21,9,22,3.0,2,20
1111,15,7,21,2.1,1,18
913,12,6,29,3.7,1,13
1560,26,10,29,2.8,5,19
1535,26,10,29,2.9,4,22
401,5,3,20,4.6,0,5
889,14,5,32,4.5,3,13
1529,26,10,28,3.9,5,20
536,9,4,20,4.6,1,8
602,10,4,27,4.0,0,9
924,16,6,17,2.0,4,13
563,8,4,26,3.7,2,7
1155,16,7,34,2.8,3,16
1022,18,6,31,2.3,2,14
788,13,6,33,3.9,3,12
1250,17,9,33,3.1,1,18
613,10,3,27,3.5,0,8
1307,17,10,32,5.0,3,17
1281,17,8,22,3.7,4,19
920,14,6,27,2.0,3,14
433,6,4,24,2.0,2,6
1044,18,8,23,4.8,1,14
1570,27,10,26,2.5,4,24
911,15,7,17,3.7,1,12
558,8,4,20,3.5,3,7
595,8,4,33,3.1,2,6
1084,17,8,28,4.8,4,14
423,6,3,16,2.9,2,6
706,11,5,19,2.2,1,10
1312,18,9,17,2.7,3,17
670,10,4,16,3.6,1,11
1289,18,8,19,3.4,4,18
1570,26,11,31,2.7,6,21
1062,15,7,18,4.0,2,15
1056,17,7,24,2.5,1,17
1305,19,9,22,2.6,2,20
575,10,3,34,4.8,3,6
428,6,3,24,3.4,2,6
1501,25,10,23,3.6,1,18
437,6,4,31,2.1,1,7
955,17,7,15,2.2,1,13
1137,15,7,35,3.2,4,15
603,8,4,34,3.6,2,9
1337,20,9,16,2.7,2,16
1205,17,7,26,3.1,2,20
1426,23,9,23,4.6,5,16
460,6,4,22,2.5,2,6
579,8,4,34,4.6,1,7
1573,27,11,34,3.0,3,21
683,10,5,21,4.6,1,11
1472,20,10,19,4.0,3,19
538,8,4,18,2.6,1,8
460,6,4,28,4.9,0,8
960,16,6,19,2.6,2,13
946,14,7,34,2.7,2,13
1376,23,10,30,4.1,2,19
1406,21,9,22,2.1,4,20
952,12,6,21,4.3,5,13
1299,17,9,25,4.6,4,15
485,7,4,25,3.2,2,6
1498,22,11,16,3.6,2,16
486,6,3,32,3.2,1,6
1457,20,11,21,2.9,3,20
985,15,6,34,4.8,1,11
1349,18,9,31,2.3,4,17
1519,26,10,29,2.1,1,23
813,11,5,25,4.1,4,10
653,11,5,35,3.1,0,10
1447,21,9,32,3.1,4,17
1558,21,11,20,4.6,5,20
1259,20,9,29,2.9,4,19
815,14,6,15,3.4,3,10
411,6,3,21,3.8,0,6
562,8,3,32,2.8,0,7
825,14,5,35,3.0,2,12
1583,22,10,17,2.1,3,17
982,14,7,34,3.7,0,13
1585,25,10,24,3.0,6,20
1275,17,8,30,2.4,3,17
1479,23,9,21,3.8,5,20
1483,19,10,34,4.8,5,18
1048,17,7,34,3.1,4,15
1464,21,10,20,4.7,4,19
796,14,4,35,4.4,2,10
1249,19,8,32,4.4,3,18
976,16,6,24,3.5,2,14
1082,17,8,34,4.9,3,13
1092,14,7,30,4.4,2,14
1343,18,9,25,3.4,4,16
514,7,3,25,3.7,3,7
1079,15,8,26,2.2,4,17
1094,14,8,20,3.7,1,16
1031,14,7,16,2.8,5,15
1161,18,9,21,3.6,3,16
476,6,4,29,3.5,2,4
715,12,6,31,2.9,1,12
601,8,5,19,2.6,2,9
1469,25,9,16,4.1,3,16
1356,18,8,24,2.1,3,18
829,13,5,23,3.6,2,10
958,16,6,15,4.9,2,12
1511,24,10,19,4.8,4,17
750,13,5,25,3.6,2,11
503,8,2,28,3.2,0,6
1313,19,8,21,4.1,3,16
1353,20,8,29,2.3,3,21
1353,21,10,19,4.6,1,16
1202,20,9,25,4.4,4,14
461,8,2,30,3.4,2,8
1576,27,10,18,3.0,3,18
1491,23,10,22,3.9,1,19
1186,21,7,33,3.3,4,16
1100,16,7,17,4.2,2,13
634,9,4,32,2.3,0,10
1231,21,7,34,4.3,2,17
525,9,4,33,4.7,1,7
700,10,5,24,3.2,1,10
1048,17,8,24,4.8,4,12
1105,14,8,34,5.0,2,14
1002,17,7,16,2.0,0,15
624,8,5,22,3.3,0,9
1183,18,8,21,4.0,2,16
1187,16,8,28,2.5,5,16
675,12,5,19,4.2,0,10
678,11,5,28,4.6,3,8
1271,18,8,28,3.7,2,18
780,12,4,30,4.5,2,12
1241,16,8,16,4.9,1,16
631,9,5,17,2.4,1,7
972,15,6,34,2.3,0,15
559,8,4,33,2.9,2,8
422,6,3,30,3.7,0,7
1003,16,6,34,4.2,2,12
525,7,4,33,2.2,3,7
455,7,2,31,2.2,1,6
975,16,6,18,3.8,4,12
1314,21,8,22,3.5,4,16
1102,14,8,34,4.8,3,15
1245,17,8,29,4.2,4,17
1106,19,7,18,2.2,1,17
1375,19,10,32,2.7,3,18
937,16,7,15,2.9,3,12
1046,14,7,16,2.3,1,16
1284,19,9,23,3.0,3,18
1596,25,11,22,4.2,3,20
1091,15,8,25,3.6,2,13
424,6,3,29,3.1,1,6
469,8,2,34,4.0,2,4
649,9,4,34,2.4,0,8
1559,21,10,18,4.1,4,18
555,8,5,23,4.3,0,7
1062,17,8,23,4.3,2,15
523,8,4,20,3.3,0,8
1204,20,8,19,3.6,1,17
617,8,5,18,2.1,3,10
1313,23,9,35,3.9,5,16
945,16,6,27,3.7,0,13
1404,21,9,17,3.6,6,17
1387,24,9,26,3.0,3,19
585,9,5,25,2.2,0,10
815,13,5,27,4.0,1,12
618,9,4,17,4.7,1,9
473,8,4,33,2.7,0,9
1030,15,8,29,4.9,4,13
1091,15,6,18,2.6,2,15
1498,25,10,17,2.1,5,17
1365,18,9,22,4.1,4,18
502,6,4,18,3.4,2,8
617,10,4,34,2.7,2,8
1223,19,9,33,3.6,2,19
836,11,6,25,2.2,2,14
744,10,5,29,2.7,1,11
1170,16,7,30,2.2,6,16
981,15,7,30,4.1,3,14
1471,22,9,20,3.8,4,19
1423,21,9,24,3.0,4,19
640,8,5,34,3.1,1,8
849,13,6,21,2.8,3,14
1371,21,8,16,2.2,3,16
914,14,7,29,2.1,2,11
760,13,4,31,2.3,3,10
1587,25,10,25,2.7,5,22
885,12,7,27,4.7,3,12
511,7,3,34,3.4,0,8
797,11,6,21,3.0,3,11
974,16,7,29,3.3,2,13
1004,14,7,35,4.9,4,12
1532,21,9,31,3.5,5,20
1347,22,9,22,2.7,3,19
705,9,5,28,4.9,3,9
1432,25,10,30,4.4,3,18
1414,23,10,15,4.1,3,15
1134,18,8,17,2.0,2,16
1340,18,9,15,4.9,3,15
1230,20,9,35,3.4,1,16
544,8,4,31,2.1,0,9
1510,22,9,17,3.9,2,17
1454,19,10,16,2.3,3,16
1148,18,8,17,3.7,3,15
1085,18,6,30,4.2,3,12
829,11,6,25,3.1,2,13
967,17,6,29,3.5,2,13
1489,21,10,24,3.4,3,21
534,9,4,17,2.2,2,7
557,9,3,19,3.5,2,7
446,7,4,32,4.8,0,6
443,7,2,22,4.5,0,6
1585,25,11,25,3.5,3,20
1523,23,10,19,4.7,3,19
864,13,7,16,2.4,1,15
729,10,4,20,4.5,1,9
714,12,4,25,3.7,0,11
820,12,5,25,4.9,3,11
732,11,4,15,3.2,1,11
1338,18,8,32,4.9,2,19
1370,18,10,33,4.0,4,16
1305,21,8,30,4.7,4,17
1030,18,7,22,3.3,3,14
799,11,5,23,2.6,4,12
578,7,4,30,3.0,0,7
1139,18,8,28,3.1,2,17
1119,18,7,32,2.3,3,15
1251,17,8,28,4.2,1,18
576,9,3,31,5.0,4,8
1169,20,8,23,3.2,1,16
680,11,5,24,3.7,4,9
1598,26,11,29,2.7,4,21
1014,13,7,30,2.4,2,14
767,11,5,22,2.1,2,10
536,8,3,30,3.7,2,6
1374,18,10,26,3.5,1,18
733,11,4,29,4.6,2,10
958,15,7,26,2.1,2,16
557,8,4,20,4.3,1,7
1060,14,8,24,2.8,2,14
1494,22,11,15,2.4,3,15
1243,20,9,18,2.7,1,18
1544,22,11,31,4.5,3,18
633,9,5,18,4.5,3,7
1038,15,6,29,4.7,1,13
1100,18,7,18,2.7,3,15
864,14,5,17,3.3,2,12
438,6,3,16,2.6,2,7
521,8,4,16,2.2,0,7
653,8,4,21,2.6,1,10
968,13,6,20,4.6,3,11
1434,21,9,33,4.3,2,18
977,16,7,15,4.9,3,13
1432,19,9,33,2.6,3,20
1126,15,7,31,2.7,5,17
653,10,4,30,4.3,1,8
483,8,3,27,2.9,0,7
1309,21,9,28,2.6,5,19
1374,18,9,15,5.0,3,15
1297,19,9,18,2.4,2,18
608,8,5,20,2.2,2,9
1227,21,9,30,2.8,3,16
959,13,7,27,3.1,1,12
1392,21,9,29,2.3,3,21
675,12,5,17,3.5,2,10
1069,18,7,18,4.3,2,13
1408,19,9,30,3.5,3,20
1507,22,11,16,5.0,4,16
1321,21,9,29,2.1,4,20
1020,14,6,28,2.4,2,14
624,9,4,32,4.1,0,9
720,11,5,30,3.8,0,12
982,15,6,16,2.4,1,16
1595,28,11,25,3.1,1,23
1243,20,9,22,2.7,3,18
534,7,3,20,2.1,0,10
1265,19,9,23,2.1,3,18
1048,16,7,33,2.3,1,16
821,13,5,25,2.5,1,15
813,12,6,17,4.5,1,11
497,8,3,22,3.9,3,6
1584,27,10,17,3.7,3,17
1111,15,8,24,3.5,2,17
1041,17,7,34,3.5,2,13
438,6,3,20,3.7,1,9
1357,22,9,34,4.6,6,15
522,7,3,19,2.7,1,6
1291,20,9,17,3.9,4,16
987,14,6,34,2.7,2,15
456,7,4,29,3.5,2,6
475,8,3,15,2.8,1,6
760,11,4,30,4.3,4,10
1042,15,8,28,4.7,1,12
1212,16,9,19,2.7,2,17
647,9,5,31,2.8,2,9
650,9,4,33,4.2,2,7
1266,21,8,21,4.9,2,16
514,7,3,18,2.9,0,9
968,13,7,26,3.4,2,14
471,6,3,16,4.1,1,6
1531,24,10,26,4.7,3,18
884,12,6,27,4.8,3,11
882,14,7,20,4.7,0,10
1232,17,8,17,4.5,4,15
1245,16,8,28,4.6,4,14
934,14,6,34,4.2,1,13
456,6,3,20,3.9,1,6
1220,20,8,33,2.2,4,18
666,9,5,25,3.4,2,9
755,10,6,24,2.6,1,12
1172,15,9,22,2.1,4,17
868,11,7,21,2.8,2,12
1278,19,8,26,2.5,3,18
1476,23,11,29,4.5,3,18
816,13,6,23,2.9,1,12
823,12,6,24,4.2,2,12
698,12,6,22,3.9,2,9
1338,23,9,25,4.9,3,17
1185,17,8,23,2.2,3,17
880,13,6,34,4.8,4,11
493,8,3,27,2.9,0,8
1545,27,10,20,3.5,6,19
670,11,5,28,2.4,2,10
661,10,5,23,4.2,2,8
939,13,7,23,3.6,2,13
1406,20,9,35,4.4,4,18
870,14,6,20,4.1,0,14
1413,25,9,32,3.5,1,20
703,12,4,24,2.5,2,12
958,14,7,21,3.8,4,12
